{"cameraMode":{"drawMode":0,"name":"Shaded","section":"Shading Mode"},"sceneLighting":true,"audioPlay":false,"sceneViewState":{"showFog":true,"showMaterialUpdate":false,"showSkybox":true,"showFlares":true,"showImageEffects":true,"showParticleSystems":true},"in2DMode":false,"pivot":{"x":385.5460205078125,"y":-67.2579345703125,"z":92.80508422851563},"rotation":{"x":-0.29380038380622866,"y":0.6519524455070496,"z":-0.30438870191574099,"w":-0.6292749047279358},"size":1860.2921142578125,"orthographic":false}