{"cameraMode":{"drawMode":0,"name":"Shaded","section":"Shading Mode"},"sceneLighting":true,"audioPlay":false,"sceneViewState":{"showFog":true,"showMaterialUpdate":false,"showSkybox":true,"showFlares":true,"showImageEffects":true,"showParticleSystems":true},"in2DMode":false,"pivot":{"x":2520.20556640625,"y":1212.7882080078125,"z":-1856.921875},"rotation":{"x":0.2061680257320404,"y":-0.41872522234916689,"z":0.09821883589029312,"w":0.8789294958114624},"size":8.17442512512207,"orthographic":false}